parameters,fit_value,mirror,function,dipole_force,Particles,iterations,Inertia,Cognitive,Social,Runtime
"[90.0, 50.627, 89.443, 183.53, -22.396, 45.0, 3.0, 5.0, 0.246, 0.754, 1.0, 0.0]",0.345299895019862,-1,pencil,True,50,50,0.4,1,2,27.597534100001212
"[22.575, 44.62, 89.752, 280.222, 32.539, 45.0, 3.012, 1.0, 0.282, 0.718, 1.0, 0.0]",0.35807036646132356,-1,pencil,True,50,50,0.4,1,2,26.82033129996853
"[-13.676, -90.0, 125.292, 326.18, 45.0, -33.99, 3.004, 5.0, 0.967, 0.033, 5.0, 0.0]",0.30854964407018237,-1,pencil,True,50,50,0.4,1,2,26.732748800015543
"[12.873, 53.74, 54.609, 128.656, -37.643, -30.192, 3.034, 5.0, 0.998, 0.002, 3.504, 0.0]",0.24968058659773137,-1,pencil,True,50,50,0.4,1,2,26.297245800029486
"[-46.744, 73.773, 85.318, 136.347, -45.0, -33.478, 3.0, 3.925, 0.044, 0.956, 5.0, 0.0]",0.2899971945307462,-1,pencil,True,50,50,0.4,1,2,26.5343542000046
"[-43.97, 31.56, 52.177, 334.024, 39.13, 37.34, 3.017, 2.251, 0.939, 0.061, 1.0, 0.0]",0.35906100591752105,-1,pencil,True,50,50,0.4,1,2,26.221722699992824
"[-29.57, 79.27, 69.692, 140.557, -45.0, -32.839, 3.05, 3.942, 0.869, 0.131, 2.858, 0.0]",0.2876802193693058,-1,pencil,True,50,50,0.4,1,2,27.21543050004402
"[54.357, 90.0, 91.832, 146.485, -45.0, 35.627, 3.025, 4.3, 0.0, 1.0, 2.995, 0.0]",0.307337429360673,-1,pencil,True,50,50,0.4,1,2,26.591343299951404
"[-76.783, -54.892, 54.918, 0.0, 19.109, -45.0, 3.05, 5.0, 0.957, 0.043, 2.21, 0.0]",0.3011761213690785,-1,pencil,True,50,50,0.4,1,2,25.25490959995659
"[-90.0, 40.609, 91.327, 7.398, -23.446, 23.247, 3.003, 5.0, 1.0, 0.0, 4.824, 0.0]",0.44274597536000737,-1,pencil,True,50,50,0.4,1,2,24.247047599987127
"[27.762, 90.0, 91.406, 147.072, -26.643, 45.0, 3.0, 4.995, 1.0, 0.0, 1.698, 0.0]",0.30256420846754095,-1,pencil,True,50,50,0.4,1,2,25.551619500038214
"[53.345, 90.0, 92.673, 146.138, -44.937, 35.571, 3.05, 4.281, 0.0, 1.0, 1.0, 0.0]",0.30718254869752637,-1,pencil,True,50,50,0.4,1,2,26.288974399969447
"[-49.494, 90.0, 84.411, 146.097, -45.0, -34.475, 3.0, 4.249, 0.0, 1.0, 5.0, 0.0]",0.30707485072406915,-1,pencil,True,50,50,0.4,1,2,26.431350800034124
"[69.374, 73.533, 46.738, 160.026, -30.804, 36.364, 3.0, 4.781, 0.34, 0.66, 3.776, 0.0]",0.2823089001999427,-1,pencil,True,50,50,0.4,1,2,24.663150600041263
"[33.012, 19.419, 131.957, 342.975, 45.0, 18.237, 3.048, 4.894, 0.0, 1.0, 1.0, 0.0]",0.2120016740367314,-1,pencil,True,50,50,0.4,1,2,22.478487199987285
"[-41.728, 90.0, 109.902, 236.603, -12.329, 45.0, 3.05, 3.696, 0.26, 0.74, 4.997, 0.0]",0.5116979726055718,-1,pencil,True,50,50,0.4,1,2,25.418289499997627
"[40.286, 76.821, 83.733, 158.557, -22.296, 45.0, 3.036, 4.379, 0.63, 0.37, 5.0, 0.0]",0.2826679337867853,-1,pencil,True,50,50,0.4,1,2,25.129258600005414
"[-90.0, -55.176, 131.038, 0.0, -13.07, -45.0, 3.05, 5.0, 0.0, 1.0, 1.0, 0.0]",0.3425511164263689,-1,pencil,True,50,50,0.4,1,2,25.717737700033467
"[17.109, -22.146, 131.453, 302.438, 43.299, 40.711, 3.0, 4.709, 1.0, 0.0, 1.75, 0.0]",0.4065526195711827,-1,pencil,True,50,50,0.4,1,2,23.302026199991815
"[-90.0, 90.0, 89.442, 144.157, 22.398, -45.0, 3.0, 5.0, 0.609, 0.391, 1.028, 0.0]",0.3452998896928841,-1,pencil,True,50,50,0.4,1,2,27.219673999992665
"[-90.0, 13.21, 88.379, 312.082, 24.294, 44.875, 3.05, 5.0, 0.0, 1.0, 2.253, 0.0]",0.4359854942036027,-1,pencil,True,50,50,0.4,1,2,24.882958600006532
"[-50.908, -90.0, 94.566, 326.216, 45.0, -34.98, 3.017, 4.256, 0.347, 0.653, 1.479, 0.0]",0.3070192253286423,-1,pencil,True,50,50,0.4,1,2,25.676481499976944
"[-49.018, -5.141, 75.716, 40.989, 14.94, -39.334, 3.0, 5.0, 0.095, 0.905, 5.0, 0.0]",0.30110230894310347,-1,pencil,True,50,50,0.4,1,2,27.450332099979278
"[-30.928, -36.796, 84.16, 360.0, 30.282, -28.81, 3.04, 3.609, 0.094, 0.906, 1.719, 0.0]",0.27604344777524786,-1,pencil,True,50,50,0.4,1,2,27.08532470004866
"[90.0, 17.939, 86.766, 151.753, 19.462, -4.873, 3.05, 5.0, 0.424, 0.576, 3.606, 0.0]",0.44486238636524345,-1,pencil,True,50,50,0.4,1,2,24.854518399981316
"[54.684, 73.273, 89.989, 96.939, -23.594, -17.206, 3.021, 5.0, 0.023, 0.977, 2.612, 0.0]",0.41385876551559747,-1,pencil,True,50,50,0.4,1,2,24.643953699967824
"[90.0, -24.056, 97.52, 198.327, 28.062, -0.986, 3.01, 5.0, 0.994, 0.006, 5.0, 0.0]",0.44881617113759453,-1,pencil,True,50,50,0.4,1,2,23.72127649997128
"[90.0, -66.566, 48.964, 301.742, -13.067, 45.0, 3.05, 5.0, 0.0, 1.0, 2.664, 0.0]",0.3425511175373742,-1,pencil,True,50,50,0.4,1,2,26.52414160000626
"[90.0, -69.998, 90.836, 304.078, 22.475, 45.0, 3.029, 5.0, 1.0, 0.0, 2.125, 0.0]",0.3457986042336342,-1,pencil,True,50,50,0.4,1,2,25.91802350000944
"[62.516, -33.673, 103.107, 176.286, -32.948, -25.634, 3.009, 5.0, 1.0, 0.0, 2.1, 0.0]",0.4233862490297987,-1,pencil,True,50,50,0.4,1,2,24.226771800022107
"[-30.783, -37.235, 84.594, 0.0, 30.008, -29.042, 3.005, 3.674, 1.0, 0.0, 3.597, 0.0]",0.2762786134648056,-1,pencil,True,50,50,0.4,1,2,26.846745599992573
"[-13.584, -90.0, 125.356, 326.152, 45.0, -33.925, 3.0, 5.0, 0.463, 0.537, 1.0, 0.0]",0.30855519193764985,-1,pencil,True,50,50,0.4,1,2,26.882330299995374
"[90.0, -47.654, 17.589, 0.0, -35.36, -11.119, 3.05, 5.0, 0.0, 1.0, 5.0, 0.0]",0.5477667020000417,-1,pencil,True,50,50,0.4,1,2,27.559454900037963
"[74.067, 90.0, 93.107, 146.936, -30.118, 45.0, 3.05, 5.0, 0.41, 0.59, 1.0, 0.0]",0.32691106788881225,-1,pencil,True,50,50,0.4,1,2,27.1115672000451
"[-77.17, -53.49, 46.212, 0.0, 25.469, -41.318, 3.0, 5.0, 0.0, 1.0, 1.0, 0.0]",0.29759413384841205,-1,pencil,True,50,50,0.4,1,2,26.363783399981912
"[-66.91, 46.169, 90.986, 0.0, 39.82, 31.135, 3.0, 4.776, 0.494, 0.506, 5.0, 0.0]",0.42244171734524577,-1,pencil,True,50,50,0.4,1,2,25.439510500000324
"[-90.0, 60.479, 49.061, 115.641, 12.985, -45.0, 3.05, 5.0, 0.0, 1.0, 1.18, 0.0]",0.3425517090683239,-1,pencil,True,50,50,0.4,1,2,26.841606300033163
"[90.0, 90.0, 90.627, 143.932, 22.418, 45.0, 3.05, 5.0, 0.474, 0.526, 1.0, 0.0]",0.3459506877916128,-1,pencil,True,50,50,0.4,1,2,26.914091699989513
"[-48.963, 34.61, 109.446, 0.0, 38.448, 22.257, 3.018, 4.993, 1.0, 0.0, 1.71, 0.0]",0.42443298978718896,-1,pencil,True,50,50,0.4,1,2,24.66543950000778
"[-77.393, -53.381, 45.389, 360.0, 26.196, -41.322, 3.05, 5.0, 0.642, 0.358, 4.648, 0.0]",0.2966768807270212,-1,pencil,True,50,50,0.4,1,2,27.390257099992596
"[90.0, 68.391, 89.37, 165.57, -22.404, 45.0, 3.05, 5.0, 0.917, 0.083, 3.46, 0.0]",0.3459524044408383,-1,pencil,True,50,50,0.4,1,2,25.16565979999723
"[-49.752, 90.0, 84.286, 146.12, -45.0, -34.701, 3.05, 4.179, 0.0, 1.0, 1.0, 0.0]",0.3071492486886054,-1,pencil,True,50,50,0.4,1,2,25.31498379999539
"[-76.349, -53.462, 48.789, 0.062, 24.356, -42.351, 3.05, 5.0, 0.654, 0.346, 1.0, 0.0]",0.2973527072107199,-1,pencil,True,50,50,0.4,1,2,26.291303500009235
"[-90.0, -28.084, 48.978, 27.088, 13.057, -45.0, 3.05, 5.0, 0.559, 0.441, 4.117, 0.0]",0.34255112936082116,-1,pencil,True,50,50,0.4,1,2,26.42155049997382
"[-90.0, 44.966, 90.006, 360.0, -22.5, 32.563, 3.05, 5.0, 0.29, 0.71, 4.581, 0.0]",0.44009707685776805,-1,pencil,True,50,50,0.4,1,2,25.254442300007213
"[-34.691, 29.477, 78.79, 360.0, 45.0, -45.0, 3.0, 1.131, 0.349, 0.651, 5.0, 0.0]",0.32844354590829955,-1,pencil,True,50,50,0.4,1,2,25.799319299985655
"[-30.656, -37.16, 84.577, 0.0, 30.184, -29.112, 3.05, 3.614, 0.18, 0.82, 5.0, 0.0]",0.27595379357494737,-1,pencil,True,50,50,0.4,1,2,27.995095400023274
"[-64.815, -83.35, 90.054, 240.048, 11.908, 32.841, 3.0, 5.0, 0.992, 0.008, 1.645, 0.0]",0.4299323844305413,-1,pencil,True,50,50,0.4,1,2,24.039628900005482
"[5.289, -64.98, 114.399, 0.0, 42.535, -45.0, 3.0, 5.0, 1.0, 0.0, 4.551, 0.0]",0.3572792545538087,-1,pencil,True,50,50,0.4,1,2,26.703641499974765
"[-17.733, -45.418, 101.061, 360.0, 26.698, -34.759, 3.05, 4.475, 0.716, 0.284, 1.001, 0.0]",0.30162736956444913,-1,pencil,True,50,50,0.4,1,2,24.431163400004152
"[18.257, 38.367, 154.335, 0.0, 19.211, 40.561, 3.05, 5.0, 0.013, 0.987, 5.0, 0.0]",0.2723436105666751,-1,fan,True,50,50,0.4,1,2,24.369903899962083
"[-4.23, 90.0, 65.33, 326.247, -15.733, -45.0, 3.0, 5.0, 0.536, 0.464, 3.908, 0.0]",0.2685732255339711,-1,fan,True,50,50,0.4,1,2,28.014336700027343
"[-47.328, 90.0, 50.293, 334.391, 44.991, -45.0, 3.005, 3.374, 0.0, 1.0, 2.647, 0.0]",0.15617507583525617,-1,fan,True,50,50,0.4,1,2,24.856705399986822
"[90.0, 53.249, 15.986, 0.0, -21.507, 31.226, 3.05, 5.0, 0.612, 0.388, 4.802, 0.0]",0.3864230833842257,-1,fan,True,50,50,0.4,1,2,28.47936340002343
"[-4.233, 90.0, 65.331, 326.248, -15.73, -45.0, 3.0, 5.0, 0.267, 0.733, 4.46, 0.0]",0.268573230535867,-1,fan,True,50,50,0.4,1,2,27.829339699994307
"[-4.598, -85.985, 115.31, 148.478, 15.594, -45.0, 3.0, 5.0, 1.0, 0.0, 1.0, 0.0]",0.2359160452009015,-1,fan,True,50,50,0.4,1,2,27.682855800027028
"[90.0, 53.512, 18.154, 0.0, -45.0, 19.399, 3.05, 2.533, 0.0, 1.0, 1.0, 0.0]",0.4197818136128557,-1,fan,True,50,50,0.4,1,2,29.183843399980105
"[-89.461, 24.269, 20.268, 152.244, 30.638, 22.335, 3.024, 5.0, 0.042, 0.958, 4.344, 0.0]",0.38971471653730466,-1,fan,True,50,50,0.4,1,2,26.571777499979362
"[-81.731, 90.0, 153.395, 0.0, -45.0, -0.64, 3.003, 3.465, 0.8, 0.2, 1.0, 0.0]",0.7065528593829512,-1,fan,True,50,50,0.4,1,2,26.84240940003656
"[27.951, 88.063, 113.217, 150.593, 24.222, -41.125, 3.039, 3.454, 0.799, 0.201, 1.69, 0.0]",0.16370336609116695,-1,fan,True,50,50,0.4,1,2,25.576798099966254
"[-4.865, -85.982, 115.489, 148.623, 15.488, -45.0, 3.0, 5.0, 0.0, 1.0, 4.067, 0.0]",0.2359340916445035,-1,fan,True,50,50,0.4,1,2,26.030692100001033
"[-5.665, -58.62, 105.1, 0.0, -22.309, -45.0, 3.04, 5.0, 0.002, 0.998, 2.795, 0.0]",0.397011551472861,-1,fan,True,50,50,0.4,1,2,25.369699600036256
"[-83.283, 90.0, 156.135, 0.0, -16.3, -5.917, 3.0, 5.0, 0.067, 0.933, 1.0, 0.0]",0.561686498005885,-1,fan,True,50,50,0.4,1,2,28.468875099963043
"[3.851, -90.0, 65.265, 146.118, 16.086, 45.0, 3.032, 5.0, 0.013, 0.987, 5.0, 0.0]",0.26962095191252206,-1,fan,True,50,50,0.4,1,2,26.444017499976326
"[66.59, 9.137, 45.805, 79.484, -14.582, 9.663, 3.022, 5.0, 0.47, 0.53, 1.0, 0.0]",0.5430659878140554,-1,fan,True,50,50,0.4,1,2,25.131990299967583
"[-90.0, 60.499, 15.987, 293.746, 21.507, -31.225, 3.05, 5.0, 0.0, 1.0, 5.0, 0.0]",0.38642308223075217,-1,fan,True,50,50,0.4,1,2,28.154967300011776
"[90.0, -90.0, 151.492, 328.14, 45.0, -45.0, 3.05, 2.919, 0.406, 0.594, 5.0, 0.0]",0.29365202179809985,-1,fan,True,50,50,0.4,1,2,27.458904800005257
"[4.218, 90.0, 114.631, 326.253, -15.727, 45.0, 3.0, 5.0, 0.788, 0.212, 5.0, 0.0]",0.2685757075405513,-1,fan,True,50,50,0.4,1,2,27.96713839995209
"[39.277, 87.707, 10.147, 139.062, -0.81, 45.0, 3.05, 1.114, 0.32, 0.68, 4.997, 0.0]",0.7204616276094639,-1,fan,True,50,50,0.4,1,2,25.10097939998377
"[-90.0, -73.549, 163.703, 159.725, -21.335, -31.339, 3.0, 5.0, 0.604, 0.396, 1.0, 0.0]",0.38688741406547494,-1,fan,True,50,50,0.4,1,2,28.75213310000254
"[90.0, -89.227, 151.92, 330.382, 38.192, -45.0, 3.0, 3.197, 0.0, 1.0, 3.974, 0.0]",0.29591117512984005,-1,fan,True,50,50,0.4,1,2,26.119486699986737
"[42.926, 86.099, 128.882, 152.097, 32.122, -29.238, 3.006, 2.687, 0.197, 0.803, 5.0, 0.0]",0.17601692941768182,-1,fan,True,50,50,0.4,1,2,26.28421159996651
"[-89.003, -90.0, 150.387, 146.959, -45.0, -23.224, 3.0, 5.0, 0.959, 0.041, 1.0, 0.0]",0.27460429730659097,-1,fan,True,50,50,0.4,1,2,27.50188060000073
"[-25.492, -63.565, 113.493, 0.0, -45.0, -45.0, 3.0, 5.0, 0.068, 0.932, 4.488, 0.0]",0.48910205761881037,-1,fan,True,50,50,0.4,1,2,26.919159699988086
"[17.763, -90.0, 53.533, 14.619, -45.0, 45.0, 3.0, 5.0, 1.0, 0.0, 4.974, 0.0]",0.6187213019413143,-1,fan,True,50,50,0.4,1,2,26.712846300040837
"[27.889, 32.749, 146.609, 277.553, 10.113, -24.295, 3.05, 5.0, 0.477, 0.523, 1.356, 0.0]",0.38871514542357605,-1,fan,True,50,50,0.4,1,2,26.279621199995745
"[-75.762, -46.873, 139.807, 360.0, -45.0, 45.0, 3.038, 3.074, 1.0, 0.0, 4.484, 0.0]",0.4196797470898717,-1,fan,True,50,50,0.4,1,2,25.315642500005197
"[-74.519, -90.0, 152.477, 145.68, -19.031, -38.288, 3.05, 5.0, 0.168, 0.832, 1.0, 0.0]",0.2933661125009335,-1,fan,True,50,50,0.4,1,2,27.019982400001027
"[78.694, 22.176, 161.387, 360.0, 23.509, 44.008, 3.05, 5.0, 1.0, 0.0, 1.486, 0.0]",0.31107515823976645,-1,fan,True,50,50,0.4,1,2,26.115813400014304
"[-74.088, -90.0, 151.827, 145.646, -18.738, -38.279, 3.0, 5.0, 0.938, 0.062, 4.94, 0.0]",0.2929743482510131,-1,fan,True,50,50,0.4,1,2,27.618589500023518
"[-90.0, -48.293, 88.363, 360.0, 45.0, 45.0, 3.0, 5.0, 0.0, 1.0, 2.286, 0.0]",0.4475264792308005,-1,fan,True,50,50,0.4,1,2,27.949625400011428
"[4.251, 90.0, 114.682, 326.249, -15.722, 45.0, 3.0, 5.0, 0.975, 0.025, 1.724, 0.0]",0.2685733774813685,-1,fan,True,50,50,0.4,1,2,27.194095699989703
"[90.0, -89.945, 158.617, 36.493, 45.0, -21.487, 3.0, 4.146, 0.0, 1.0, 1.213, 0.0]",0.4106782526578467,-1,fan,True,50,50,0.4,1,2,27.623474200023338
"[-90.0, 17.798, 161.877, 10.053, -45.0, 30.393, 3.0, 3.147, 1.0, 0.0, 1.463, 0.0]",0.444385477560386,-1,fan,True,50,50,0.4,1,2,26.395397799962666
"[2.002, 65.264, 101.724, 191.638, 15.725, 45.0, 3.0, 5.0, 0.675, 0.325, 1.0, 0.0]",0.26189199945655556,-1,fan,True,50,50,0.4,1,2,25.84833410003921
"[-41.762, 6.355, 58.657, 0.014, 45.0, 18.792, 3.05, 4.378, 0.0, 1.0, 4.875, 0.0]",0.2443887909634908,-1,fan,True,50,50,0.4,1,2,25.03834420000203
"[-43.73, 71.317, 120.778, 184.555, -45.0, 45.0, 3.05, 4.926, 1.0, 0.0, 4.77, 0.0]",0.14295512769513607,-1,fan,True,50,50,0.4,1,2,23.330029300006572
"[-80.871, -78.968, 155.73, 157.564, -45.0, -29.237, 3.0, 2.886, 0.868, 0.132, 3.377, 0.0]",0.3161877651664428,-1,fan,True,50,50,0.4,1,2,27.843249699973967
"[90.0, 53.267, 16.304, 0.0, -21.345, 31.33, 3.0, 5.0, 0.493, 0.507, 1.0, 0.0]",0.38688718575919173,-1,fan,True,50,50,0.4,1,2,28.59587089996785
"[-33.147, -12.007, 33.161, 0.0, 0.406, 45.0, 3.009, 5.0, 0.0, 1.0, 2.305, 0.0]",0.28446972411153315,-1,fan,True,50,50,0.4,1,2,26.215304900018964
"[-80.434, -79.523, 156.923, 156.58, -24.818, -33.391, 3.05, 3.984, 1.0, 0.0, 1.0, 0.0]",0.28448593540410955,-1,fan,True,50,50,0.4,1,2,26.904116499994416
"[-78.985, 57.703, 89.407, 0.0, -45.0, -45.0, 3.05, 5.0, 0.971, 0.029, 5.0, 0.0]",0.5152717099112901,-1,fan,True,50,50,0.4,1,2,25.58832949999487
"[-33.877, -90.0, 53.882, 35.149, 2.439, 44.997, 3.008, 5.0, 1.0, 0.0, 4.941, 0.0]",0.44837896803855554,-1,fan,True,50,50,0.4,1,2,25.327173400030006
"[6.806, 86.313, 116.632, 327.566, -14.985, 45.0, 3.0, 5.0, 1.0, 0.0, 1.0, 0.0]",0.2387554826601997,-1,fan,True,50,50,0.4,1,2,25.93171000003349
"[-62.187, 52.981, 132.878, 360.0, -27.84, -45.0, 3.05, 3.436, 1.0, 0.0, 5.0, 0.0]",0.6070899196339894,-1,fan,True,50,50,0.4,1,2,27.231356800009962
"[-4.608, 90.0, 64.896, 326.275, -15.654, -45.0, 3.05, 5.0, 1.0, 0.0, 5.0, 0.0]",0.2700515798212248,-1,fan,True,50,50,0.4,1,2,27.214168500038795
"[-4.237, -90.0, 114.671, 146.251, 15.729, -45.0, 3.0, 5.0, 0.981, 0.019, 3.74, 0.0]",0.26857324948891187,-1,fan,True,50,50,0.4,1,2,27.199904200038873
"[90.0, -52.807, 159.856, 0.0, 30.502, -23.406, 3.05, 5.0, 1.0, 0.0, 3.566, 0.0]",0.39033048920528385,-1,fan,True,50,50,0.4,1,2,27.351076400023885
"[19.673, 16.569, 151.132, 96.286, 45.0, -8.987, 3.05, 2.142, 1.0, 0.0, 3.044, 0.0]",0.15153013599711984,-1,fan,True,50,50,0.4,1,2,25.708899100020062
"[90.0, 53.247, 164.013, 0.0, 21.507, 31.225, 3.05, 5.0, 0.592, 0.408, 3.473, 0.0]",0.38642308435896366,-1,fan,True,50,50,0.4,1,2,28.599454700015485
"[61.266, -90.0, 135.166, 0.0, 25.211, 5.641, 3.05, 4.728, 0.449, 0.551, 1.0, 0.0]",0.6261492636423468,1,pencil,True,50,50,0.4,1,2,26.39820840000175
"[90.0, 90.0, 120.593, 58.274, -2.437, 21.797, 3.037, 5.0, 0.128, 0.872, 4.224, 0.0]",0.4461226437588832,1,pencil,True,50,50,0.4,1,2,24.440899599983823
"[34.25, 61.729, 61.152, 41.765, -27.312, 45.0, 3.032, 5.0, 0.0, 1.0, 1.775, 0.0]",0.4276635044940565,1,pencil,True,50,50,0.4,1,2,24.827333600027487
"[-37.386, -57.821, 63.555, 248.191, 10.859, -32.906, 3.003, 5.0, 0.042, 0.958, 4.727, 0.0]",0.444224718329334,1,pencil,True,50,50,0.4,1,2,25.773480299976654
"[-72.632, -8.167, 52.135, 0.0, -23.692, 9.759, 3.014, 5.0, 0.067, 0.933, 2.992, 0.0]",0.43238790675150274,1,pencil,True,50,50,0.4,1,2,25.244817099999636
"[10.305, 19.608, 68.765, 129.493, -38.716, -4.5, 3.05, 2.59, 0.347, 0.653, 5.0, 0.0]",0.4605510242069991,1,pencil,True,50,50,0.4,1,2,25.043724399991333
"[55.027, 90.0, 56.712, 159.747, 36.345, -45.0, 3.0, 4.599, 0.0, 1.0, 1.0, 0.0]",0.41280257572324225,1,pencil,True,50,50,0.4,1,2,26.320198600005824
"[-49.057, 38.979, 115.903, 40.485, -23.522, 10.399, 3.01, 5.0, 0.827, 0.173, 2.208, 0.0]",0.44841613851309814,1,pencil,True,50,50,0.4,1,2,23.969785800029058
"[41.386, 54.203, 82.807, 69.432, -20.289, 25.49, 3.027, 5.0, 1.0, 0.0, 2.123, 0.0]",0.4521144228210118,1,pencil,True,50,50,0.4,1,2,24.800502600031905
"[90.0, -90.0, 97.097, 226.077, -28.44, 31.431, 3.05, 5.0, 0.004, 0.996, 3.515, 0.0]",0.433542135616145,1,pencil,True,50,50,0.4,1,2,24.922465099953115
"[-54.196, 89.255, 81.268, 126.788, 35.376, 20.714, 3.043, 4.019, 0.018, 0.982, 5.0, 0.0]",0.4456512167980282,1,pencil,True,50,50,0.4,1,2,23.932369899994228
"[-47.739, -27.763, 38.548, 360.0, -41.933, 14.062, 3.0, 1.714, 0.488, 0.512, 1.002, 0.0]",0.38848868184722857,1,pencil,True,50,50,0.4,1,2,25.224608100019395
"[6.459, -81.392, 89.707, 266.36, 1.951, -29.249, 3.05, 5.0, 0.159, 0.841, 2.083, 0.0]",0.44485809003076543,1,pencil,True,50,50,0.4,1,2,24.537315999972634
"[-73.344, 12.655, 50.917, 0.0, -23.787, -5.1, 3.0, 4.972, 0.0, 1.0, 5.0, 0.0]",0.4290627094948798,1,pencil,True,50,50,0.4,1,2,25.51308359997347
"[-55.881, -90.0, 73.828, 297.486, -44.998, 3.725, 3.05, 4.638, 0.0, 1.0, 1.0, 0.0]",0.40732207572276036,1,pencil,True,50,50,0.4,1,2,25.086886700009927
"[83.243, -38.116, 93.025, 193.342, -19.84, 17.28, 3.0, 5.0, 0.478, 0.522, 1.059, 0.0]",0.44522553350975225,1,pencil,True,50,50,0.4,1,2,23.39727070002118
"[90.0, -87.082, 105.186, 241.599, -34.974, 16.509, 3.037, 4.994, 0.591, 0.409, 4.81, 0.0]",0.44039595096029266,1,pencil,True,50,50,0.4,1,2,23.794668000016827
"[-67.122, -61.38, 49.883, 0.0, -34.227, 45.0, 3.0, 5.0, 0.369, 0.631, 5.0, 0.0]",0.42948638596631006,1,pencil,True,50,50,0.4,1,2,25.637528699997347
"[90.0, 90.0, 98.637, 63.242, -29.4, 18.026, 3.046, 5.0, 0.231, 0.769, 5.0, 0.0]",0.4369854030088666,1,pencil,True,50,50,0.4,1,2,24.6322137999814
"[16.68, -90.0, 61.162, 321.236, -45.0, -27.254, 3.041, 4.774, 0.012, 0.988, 5.0, 0.0]",0.4198211606581609,1,pencil,True,50,50,0.4,1,2,26.30602810002165
"[36.991, -39.935, 43.598, 155.753, -45.0, 41.298, 3.003, 5.0, 0.326, 0.674, 1.0, 0.0]",0.22048484908805577,1,pencil,True,50,50,0.4,1,2,26.872579900023993
"[90.0, 90.0, 17.681, 222.519, -35.437, -11.229, 3.05, 5.0, 1.0, 0.0, 1.042, 0.0]",0.5246944414454267,1,pencil,True,50,50,0.4,1,2,29.024761500011664
"[18.757, -23.966, 127.861, 298.006, -37.578, -45.0, 3.05, 5.0, 0.0, 1.0, 1.0, 0.0]",0.4090491297327213,1,pencil,True,50,50,0.4,1,2,24.489650000003166
"[-89.306, 44.626, 68.12, 3.592, 3.593, -29.418, 3.037, 5.0, 0.795, 0.205, 1.922, 0.0]",0.44630034105622984,1,pencil,True,50,50,0.4,1,2,24.827137499989476
"[-28.775, -4.719, 124.771, 38.257, -29.734, 45.0, 3.017, 5.0, 0.835, 0.165, 1.024, 0.0]",0.43908790051737145,1,pencil,True,50,50,0.4,1,2,24.84614670003066
"[21.792, 28.716, 76.827, 169.375, 36.831, -11.803, 3.0, 2.357, 0.841, 0.159, 3.891, 0.0]",0.3813926394339334,1,pencil,True,50,50,0.4,1,2,24.733091000001878
"[-27.715, -89.043, 104.366, 240.187, 33.839, 19.849, 3.001, 5.0, 0.012, 0.988, 1.0, 0.0]",0.4553188181827494,1,pencil,True,50,50,0.4,1,2,25.164279800024815
"[-47.427, 27.221, 97.887, 114.376, 37.321, 45.0, 3.05, 5.0, 0.09, 0.91, 1.603, 0.0]",0.41839103119218113,1,pencil,True,50,50,0.4,1,2,25.873800299945287
"[-14.298, -56.72, 122.423, 313.093, -38.809, -0.942, 3.028, 4.98, 1.0, 0.0, 2.855, 0.0]",0.41763294554664143,1,pencil,True,50,50,0.4,1,2,24.985124099999666
"[-43.383, -90.0, 52.411, 0.0, 45.0, 27.13, 3.0, 5.0, 0.91, 0.09, 1.0, 0.0]",0.5780396521728849,1,pencil,True,50,50,0.4,1,2,26.487361999985296
"[19.028, -87.58, 62.294, 322.73, -45.0, -30.674, 3.0, 4.923, 0.994, 0.006, 5.0, 0.0]",0.4202705505018463,1,pencil,True,50,50,0.4,1,2,25.689079999981914
"[-29.601, 22.087, 121.334, 0.0, -44.366, -12.22, 3.047, 5.0, 0.0, 1.0, 3.466, 0.0]",0.42385585867145964,1,pencil,True,50,50,0.4,1,2,24.128669600002468
"[-55.329, 85.428, 99.987, 102.197, 32.786, -0.916, 3.033, 5.0, 0.529, 0.471, 1.102, 0.0]",0.4109915488293593,1,pencil,True,50,50,0.4,1,2,25.05440570000792
"[-39.355, -3.797, 29.302, 360.0, 45.0, -45.0, 3.05, 5.0, 0.999, 0.001, 2.361, 0.0]",0.4978099509784295,1,pencil,True,50,50,0.4,1,2,26.516946099989582
"[55.635, -22.691, 156.628, 317.36, 45.0, -22.175, 3.0, 2.117, 0.583, 0.417, 1.51, 0.0]",0.44159536542202904,1,pencil,True,50,50,0.4,1,2,25.80646589997923
"[-28.556, -89.85, 46.593, 78.1, -23.882, 39.286, 3.05, 5.0, 0.905, 0.095, 5.0, 0.0]",0.6028611519904734,1,pencil,True,50,50,0.4,1,2,25.415579400025308
"[-90.0, 19.285, 98.354, 0.0, 29.08, -11.942, 3.012, 5.0, 0.519, 0.481, 5.0, 0.0]",0.4391618963290865,1,pencil,True,50,50,0.4,1,2,25.227344299957622
"[90.0, -89.997, 93.605, 221.844, -25.678, 34.762, 3.001, 5.0, 1.0, 0.0, 4.874, 0.0]",0.4343123760559693,1,pencil,True,50,50,0.4,1,2,23.94650759996148
"[15.762, -18.416, 130.705, 297.981, -37.987, -45.0, 3.025, 4.953, 0.231, 0.769, 1.522, 0.0]",0.40730340614474786,1,pencil,True,50,50,0.4,1,2,25.351639200001955
"[-0.169, -67.35, 84.435, 257.328, 6.716, -45.0, 3.038, 5.0, 0.818, 0.182, 3.181, 0.0]",0.43968006520238956,1,pencil,True,50,50,0.4,1,2,25.396479800052475
"[-63.094, 90.0, 91.71, 36.124, 6.165, -45.0, 3.048, 5.0, 0.007, 0.993, 3.94, 0.0]",0.42719410695154975,1,pencil,True,50,50,0.4,1,2,25.162124100024812
"[15.828, -46.192, 131.571, 306.986, -44.46, -20.305, 3.003, 5.0, 0.0, 1.0, 1.166, 0.0]",0.40840038587216193,1,pencil,True,50,50,0.4,1,2,25.35782360000303
"[19.009, -90.0, 141.747, 0.0, 26.117, -18.458, 3.05, 5.0, 0.0, 1.0, 4.941, 0.0]",0.6006047370531024,1,pencil,True,50,50,0.4,1,2,25.312350399966817
"[-58.25, 90.0, 99.617, 68.285, 19.353, -26.941, 3.012, 5.0, 1.0, 0.0, 4.37, 0.0]",0.42171557621437117,1,pencil,True,50,50,0.4,1,2,24.736967200005893
"[-10.117, 35.896, 126.583, 119.284, 36.112, 32.751, 3.009, 4.976, 0.004, 0.996, 3.803, 0.0]",0.4112792012182934,1,pencil,True,50,50,0.4,1,2,24.597923399996944
"[-70.746, 66.871, 81.352, 360.0, -45.0, -45.0, 3.0, 5.0, 0.0, 1.0, 3.369, 0.0]",0.40444121176912856,1,pencil,True,50,50,0.4,1,2,27.634364900004584
"[3.83, 90.0, 94.854, 67.191, -16.251, -25.481, 3.043, 5.0, 0.876, 0.124, 4.981, 0.0]",0.4393836553556581,1,pencil,True,50,50,0.4,1,2,24.005520099948626
"[-90.0, 25.004, 80.705, 0.035, -29.871, -16.555, 3.05, 5.0, 1.0, 0.0, 4.929, 0.0]",0.4373242827689155,1,pencil,True,50,50,0.4,1,2,25.464055499993265
"[-36.206, 32.627, 43.574, 330.935, 45.0, -35.585, 3.05, 5.0, 1.0, 0.0, 3.999, 0.0]",0.22513637733694072,1,pencil,True,50,50,0.4,1,2,25.994137100002263
"[-43.61, -90.0, 58.969, 22.015, 42.21, 42.978, 3.05, 2.407, 0.627, 0.373, 2.882, 0.0]",0.3997709649846528,1,pencil,True,50,50,0.4,1,2,25.438987399975304
"[53.026, 14.924, 9.187, 172.012, 22.341, -24.396, 3.048, 4.555, 0.725, 0.275, 4.89, 0.0]",0.47520650418529264,1,fan,True,50,50,0.4,1,2,26.82849929999793
"[26.635, -90.0, 158.988, 0.0, 32.165, 45.0, 3.0, 5.0, 1.0, 0.0, 4.927, 0.0]",0.4923282764407365,1,fan,True,50,50,0.4,1,2,28.22796180000296
"[25.198, 17.04, 30.389, 137.745, 28.1, -8.356, 3.05, 2.49, 0.683, 0.317, 1.0, 0.0]",0.3073923565080743,1,fan,True,50,50,0.4,1,2,26.19625029998133
"[23.076, -90.0, 161.074, 278.536, -40.421, -45.0, 3.005, 5.0, 0.736, 0.264, 1.0, 0.0]",0.4504347584168981,1,fan,True,50,50,0.4,1,2,26.85263430001214
"[-61.303, -2.604, 132.587, 208.944, 17.789, 15.522, 3.034, 5.0, 0.49, 0.51, 5.0, 0.0]",0.4873167813734977,1,fan,True,50,50,0.4,1,2,24.823607000056654
"[76.299, -4.448, 151.788, 305.619, -43.888, 32.333, 3.0, 5.0, 0.999, 0.001, 3.695, 0.0]",0.42082130292557496,1,fan,True,50,50,0.4,1,2,25.880839199991897
"[-42.509, 15.325, 60.313, 0.0, 41.881, 10.92, 3.038, 4.106, 0.774, 0.226, 4.895, 0.0]",0.2378344598489601,1,fan,True,50,50,0.4,1,2,25.617197699961253
"[90.0, 28.535, 151.757, 231.087, -29.739, 38.125, 3.048, 4.999, 0.166, 0.834, 5.0, 0.0]",0.3648346276434037,1,fan,True,50,50,0.4,1,2,24.093580699991435
"[79.825, 25.262, 86.042, 200.778, -44.986, 45.0, 3.001, 5.0, 0.0, 1.0, 1.0, 0.0]",0.2850239519536645,1,fan,True,50,50,0.4,1,2,25.257619399984833
"[-18.799, -90.0, 23.42, 12.353, 37.162, -45.0, 3.05, 5.0, 0.275, 0.725, 4.827, 0.0]",0.4346541836706265,1,fan,True,50,50,0.4,1,2,29.04513839998981
"[20.248, 17.623, 123.469, 351.146, 20.833, -8.773, 3.048, 5.0, 0.371, 0.629, 3.424, 0.0]",0.5359066915849088,1,fan,True,50,50,0.4,1,2,25.04407090001041
"[34.433, 66.722, 111.374, 348.827, -30.135, -45.0, 3.0, 4.999, 0.332, 0.668, 4.9, 0.0]",0.17915776909224976,1,fan,True,50,50,0.4,1,2,25.531759899982717
"[-48.799, 40.174, 63.721, 81.741, 45.0, 25.123, 3.003, 3.511, 0.195, 0.805, 1.143, 0.0]",0.52672041607251,1,fan,True,50,50,0.4,1,2,25.596449499949813
"[-6.714, -13.926, 10.288, 51.663, 22.265, 27.639, 3.05, 1.0, 0.925, 0.075, 3.642, 0.0]",0.4349389856208055,1,fan,True,50,50,0.4,1,2,24.56422649999149
"[84.093, 65.75, 19.278, 360.0, -45.0, 6.71, 3.05, 1.918, 0.643, 0.357, 4.487, 0.0]",0.6157509169813633,1,fan,True,50,50,0.4,1,2,29.108769999991637
"[-85.702, 9.296, 157.051, 134.763, 28.673, -26.308, 3.017, 5.0, 0.142, 0.858, 3.123, 0.0]",0.4071746466538163,1,fan,True,50,50,0.4,1,2,24.977487800002564
"[-25.494, 90.0, 116.935, 218.799, 6.433, -45.0, 3.0, 5.0, 0.929, 0.071, 3.06, 0.0]",0.37224439334533965,1,fan,True,50,50,0.4,1,2,26.25410499999998
"[90.0, 75.793, 20.7, 230.45, 45.0, 21.382, 3.049, 3.994, 0.646, 0.354, 5.0, 0.0]",0.39617409806804965,1,fan,True,50,50,0.4,1,2,26.556373700033873
"[-22.96, 90.0, 108.095, 16.701, 18.469, 45.0, 3.024, 5.0, 0.984, 0.016, 2.937, 0.0]",0.4820986734866091,1,fan,True,50,50,0.4,1,2,23.474323600006755
"[16.213, -48.517, 138.898, 0.0, 32.783, 30.181, 3.0, 5.0, 1.0, 0.0, 1.0, 0.0]",0.3205459936139003,1,fan,True,50,50,0.4,1,2,26.456548299989663
"[-81.399, 48.98, 146.155, 120.062, 45.0, -45.0, 3.005, 3.24, 0.112, 0.888, 3.342, 0.0]",0.414400656399759,1,fan,True,50,50,0.4,1,2,25.03255949995946
"[86.387, -83.591, 23.347, 154.359, -15.245, 21.909, 3.028, 5.0, 1.0, 0.0, 1.0, 0.0]",0.5442074466465864,1,fan,True,50,50,0.4,1,2,25.42472839995753
"[-90.0, 74.347, 154.103, 142.504, 45.0, -45.0, 3.05, 3.844, 1.0, 0.0, 1.448, 0.0]",0.4323246598479649,1,fan,True,50,50,0.4,1,2,26.762298300047405
"[-13.718, 61.045, 131.34, 180.858, -28.299, -43.798, 3.029, 5.0, 1.0, 0.0, 1.0, 0.0]",0.28724626666720393,1,fan,True,50,50,0.4,1,2,26.296964599983767
"[21.345, 46.751, 150.033, 360.0, 9.11, 37.302, 3.0, 4.998, 0.0, 1.0, 5.0, 0.0]",0.34641574448275675,1,fan,True,50,50,0.4,1,2,25.175962499983143
"[-45.64, 10.216, 118.017, 132.192, 42.058, -20.539, 3.008, 5.0, 1.0, 0.0, 4.959, 0.0]",0.29187833674256375,1,fan,True,50,50,0.4,1,2,25.596699699992314
"[75.309, 76.559, 145.089, 190.364, -45.0, 24.315, 3.04, 4.436, 0.0, 1.0, 1.0, 0.0]",0.41744122423217933,1,fan,True,50,50,0.4,1,2,24.788534499995876
"[90.0, -49.971, 27.352, 290.8, 36.793, 45.0, 3.049, 3.375, 0.318, 0.682, 4.514, 0.0]",0.3749745018757652,1,fan,True,50,50,0.4,1,2,24.98025650001364
"[90.0, -34.762, 151.783, 294.276, -29.773, 38.158, 3.05, 5.0, 1.0, 0.0, 3.097, 0.0]",0.3644059367086682,1,fan,True,50,50,0.4,1,2,25.57325650000712
"[55.537, -11.307, 175.117, 310.614, 45.0, 10.037, 3.027, 1.887, 0.722, 0.278, 1.13, 0.0]",0.6850776441820848,1,fan,True,50,50,0.4,1,2,23.00703560002148
"[-21.248, 25.295, 19.686, 302.428, 9.84, -45.0, 3.039, 1.247, 0.241, 0.759, 3.594, 0.0]",0.5623068168614841,1,fan,True,50,50,0.4,1,2,24.385995000018738
"[23.458, -29.691, 24.35, 126.055, -6.744, 45.0, 3.033, 1.44, 0.265, 0.735, 3.306, 0.0]",0.5544548024507732,1,fan,True,50,50,0.4,1,2,24.481482600036543
"[-90.0, 7.862, 18.117, 360.0, 45.0, 30.056, 3.0, 3.087, 1.0, 0.0, 1.0, 0.0]",0.4408173255536209,1,fan,True,50,50,0.4,1,2,25.825154500023928
"[44.103, -59.524, 120.281, 345.508, -44.913, 45.0, 3.05, 4.705, 0.0, 1.0, 3.767, 0.0]",0.18676935993120355,1,fan,True,50,50,0.4,1,2,25.344524600019213
"[-18.8, -90.0, 23.42, 12.353, 37.162, -45.0, 3.05, 5.0, 1.0, 0.0, 5.0, 0.0]",0.43465418557123664,1,fan,True,50,50,0.4,1,2,30.12628099997528
"[-90.0, 60.783, 13.643, 290.222, 45.0, -45.0, 3.023, 5.0, 0.048, 0.952, 4.008, 0.0]",0.964423830316233,1,fan,True,50,50,0.4,1,2,24.962207400007173
"[-5.835, 45.646, 131.71, 0.0, 45.0, -40.228, 3.05, 5.0, 1.0, 0.0, 1.002, 0.0]",0.6809864186395913,1,fan,True,50,50,0.4,1,2,28.072424600017257
"[37.233, -58.365, 113.359, 344.761, -34.577, 44.997, 3.0, 5.0, 1.0, 0.0, 5.0, 0.0]",0.165187174922993,1,fan,True,50,50,0.4,1,2,24.894528400036506
"[-3.308, 21.518, 0.0, 111.291, -33.615, 45.0, 3.043, 5.0, 0.105, 0.895, 4.558, 0.0]",1.422719575836273,1,fan,True,50,50,0.4,1,2,27.660512800037395
"[-90.0, 89.566, 21.152, 215.761, -45.0, -21.314, 3.002, 3.975, 0.615, 0.385, 3.94, 0.0]",0.39730057029020394,1,fan,True,50,50,0.4,1,2,25.267177400004584
"[14.195, -56.42, 132.863, 0.0, 29.222, 39.464, 3.046, 5.0, 0.994, 0.006, 5.0, 0.0]",0.29096487950986255,1,fan,True,50,50,0.4,1,2,27.285981499997433
"[-33.642, -40.069, 67.662, 334.649, 34.351, 44.831, 3.001, 4.973, 0.0, 1.0, 4.99, 0.0]",0.10243441808407018,1,fan,True,50,50,0.4,1,2,24.43889879999915
"[11.702, 90.0, 110.145, 336.416, -4.087, 45.0, 3.05, 5.0, 0.311, 0.689, 1.0, 0.0]",0.40793988753037397,1,fan,True,50,50,0.4,1,2,28.00363470002776
"[-4.633, 11.503, 169.908, 59.401, 16.649, -0.848, 3.009, 1.112, 0.0, 1.0, 5.0, 0.0]",0.3525026771618232,1,fan,True,50,50,0.4,1,2,24.732114600017667
"[90.0, 30.333, 22.72, 45.444, -16.192, 16.739, 3.02, 5.0, 0.683, 0.317, 4.124, 0.0]",0.5549520201850906,1,fan,True,50,50,0.4,1,2,25.657791499979794
"[-34.276, 0.099, 39.749, 0.0, 3.766, 45.0, 3.0, 5.0, 1.0, 0.0, 5.0, 0.0]",0.478164008567814,1,fan,True,50,50,0.4,1,2,28.801015400036704
"[-86.154, 82.463, 26.902, 137.775, -31.033, -44.862, 3.029, 3.628, 0.0, 1.0, 5.0, 0.0]",0.3469200196997977,1,fan,True,50,50,0.4,1,2,25.938861900009215
"[14.49, -55.126, 133.632, 0.0, 29.688, 38.145, 3.034, 5.0, 0.005, 0.995, 3.364, 0.0]",0.29467251149647467,1,fan,True,50,50,0.4,1,2,26.83026760001667
"[80.236, -50.305, 160.015, 90.075, -45.0, -12.888, 3.05, 2.846, 0.0, 1.0, 3.177, 0.0]",0.5425087713045903,1,fan,True,50,50,0.4,1,2,29.592401099973358
"[82.343, 48.543, 10.433, 0.0, -45.0, 45.0, 3.041, 5.0, 0.0, 1.0, 5.0, 0.0]",0.870438544857593,1,fan,True,50,50,0.4,1,2,27.480849399988074
"[26.74, -90.0, 90.007, 328.348, 28.67, 45.0, 3.05, 5.0, 0.884, 0.116, 4.495, 0.0]",0.05667525613472506,-1,combine,True,50,50,0.4,1,2,50.43259979999857
"[-5.403, -53.383, 60.141, 345.399, 45.0, -22.524, 3.015, 2.675, 0.856, 0.144, 5.0, 0.0]",0.1316438518543611,-1,combine,True,50,50,0.4,1,2,47.94945050001843
"[-29.803, -14.28, 89.595, 360.0, 28.559, -14.321, 3.016, 5.0, 0.904, 0.096, 1.0, 0.0]",0.06998013169915776,-1,combine,True,50,50,0.4,1,2,45.49665380001534
"[-71.846, -2.798, 146.573, 124.185, -39.274, 25.708, 3.022, 5.0, 0.13, 0.87, 5.0, 0.0]",0.08207525621211247,-1,combine,True,50,50,0.4,1,2,46.35957009997219
"[90.0, 90.0, 91.673, 145.824, 23.128, 45.0, 3.0, 5.0, 0.857, 0.143, 4.443, 0.0]",0.28547798519182843,-1,combine,True,50,50,0.4,1,2,46.21485530002974
"[-19.395, -39.179, 50.931, 360.0, 30.915, -30.763, 3.003, 5.0, 0.863, 0.137, 1.412, 0.0]",0.1728731953148893,-1,combine,True,50,50,0.4,1,2,48.49434989999281
"[-88.277, 19.199, 156.872, 185.84, -34.911, 32.346, 3.0, 5.0, 0.854, 0.146, 5.0, 0.0]",0.3446134192672497,-1,combine,True,50,50,0.4,1,2,44.54035929997917
"[43.613, -75.159, 73.211, 320.895, 36.656, 41.556, 3.0, 5.0, 0.882, 0.118, 5.0, 0.0]",0.07951462654611859,-1,combine,True,50,50,0.4,1,2,47.32267000002321
"[48.969, -90.0, 86.995, 323.51, 45.0, 31.863, 3.001, 5.0, 0.89, 0.11, 3.04, 0.0]",0.04411933933035165,-1,combine,True,50,50,0.4,1,2,49.52848090004409
"[24.153, -49.292, 103.287, 336.075, 31.669, -3.786, 3.001, 4.292, 0.868, 0.132, 1.0, 0.0]",0.13054510797327376,-1,combine,True,50,50,0.4,1,2,47.975595899973996
"[-23.026, -90.0, 124.861, 0.0, 15.661, -19.808, 3.0, 5.0, 0.865, 0.135, 2.803, 0.0]",0.23021563914447452,-1,combine,True,50,50,0.4,1,2,50.64693009998882
"[-5.986, 77.701, 51.09, 236.421, 26.098, -5.476, 3.05, 4.999, 0.841, 0.159, 4.801, 0.0]",0.2411748165505456,-1,combine,True,50,50,0.4,1,2,46.11644579999847
"[-90.0, -6.337, 84.027, 48.351, 26.995, -45.0, 3.0, 5.0, 0.856, 0.144, 5.0, 0.0]",0.28456383903786914,-1,combine,True,50,50,0.4,1,2,48.297416499990504
"[30.913, 73.847, 81.95, 163.517, -35.839, 40.048, 3.05, 4.99, 0.908, 0.092, 1.0, 0.0]",0.05365097098000968,-1,combine,True,50,50,0.4,1,2,46.09127420000732
"[-35.313, -55.091, 87.945, 360.0, 28.609, -42.841, 3.0, 5.0, 0.873, 0.127, 5.0, 0.0]",0.07967361508196961,-1,combine,True,50,50,0.4,1,2,50.94075539999176
"[48.063, -90.0, 108.457, 232.638, -23.05, -17.07, 3.0, 5.0, 0.88, 0.12, 4.28, 0.0]",0.07980647165558263,-1,combine,True,50,50,0.4,1,2,44.85095089999959
"[-90.0, -55.489, 115.246, 0.0, -45.0, -43.62, 3.05, 5.0, 0.928, 0.072, 1.0, 0.0]",0.31960927413858575,-1,combine,True,50,50,0.4,1,2,50.508507499995176
"[-22.727, -90.0, 124.891, 360.0, 15.786, -19.965, 3.05, 5.0, 0.866, 0.134, 2.731, 0.0]",0.2302916313759647,-1,combine,True,50,50,0.4,1,2,49.954375999979675
"[-0.463, 87.142, 54.988, 232.164, 20.997, -10.638, 3.0, 5.0, 0.865, 0.135, 2.902, 0.0]",0.24102303889436663,-1,combine,True,50,50,0.4,1,2,47.19039960001828
"[-46.989, -37.251, 109.974, 0.0, 39.888, -33.639, 3.021, 5.0, 0.877, 0.123, 5.0, 0.0]",0.08361623071026121,-1,combine,True,50,50,0.4,1,2,48.19706859998405
"[33.037, 26.374, 47.389, 171.025, -45.0, 43.047, 3.032, 5.0, 0.861, 0.139, 1.0, 0.0]",0.12374547021940706,-1,combine,True,50,50,0.4,1,2,47.60795109998435
"[-0.894, -89.856, 55.398, 314.22, 44.567, 16.91, 3.049, 5.0, 0.888, 0.112, 3.982, 0.0]",0.05219020328598648,-1,combine,True,50,50,0.4,1,2,46.88357529998757
"[-32.023, -78.724, 83.992, 343.907, 34.453, -44.996, 3.0, 4.902, 0.886, 0.114, 3.089, 0.0]",0.036741871332449536,-1,combine,True,50,50,0.4,1,2,49.523242700030096
"[-90.0, -10.855, 135.824, 44.496, -16.741, -44.988, 3.0, 5.0, 0.857, 0.143, 4.519, 0.0]",0.2675003254368902,-1,combine,True,50,50,0.4,1,2,47.766021999996156
"[-28.28, 80.235, 81.514, 360.0, 45.0, 45.0, 3.0, 5.0, 0.862, 0.138, 5.0, 0.0]",0.16860203845214689,-1,combine,True,50,50,0.4,1,2,50.5404603999923
"[-12.803, -13.889, 122.589, 313.042, 40.976, 33.751, 3.002, 4.77, 0.89, 0.11, 3.854, 0.0]",0.04756208084486527,-1,combine,True,50,50,0.4,1,2,46.50945179996779
"[12.674, 85.588, 120.845, 328.892, -14.199, 45.0, 3.0, 4.998, 0.146, 0.854, 5.0, 0.0]",0.11603661979204342,-1,combine,True,50,50,0.4,1,2,48.20261819998268
"[-85.328, 81.087, 19.653, 316.12, 45.0, -36.771, 3.0, 5.0, 0.147, 0.853, 5.0, 0.0]",0.19363142606282716,-1,combine,True,50,50,0.4,1,2,48.44675850000931
"[-18.771, 55.918, 113.742, 145.356, -45.0, 10.25, 3.05, 4.658, 0.854, 0.146, 1.0, 0.0]",0.07956686101414448,-1,combine,True,50,50,0.4,1,2,48.416311600012705
"[30.223, -86.325, 97.917, 0.0, 37.955, -18.032, 3.05, 2.75, 0.856, 0.144, 5.0, 0.0]",0.18025802701144877,-1,combine,True,50,50,0.4,1,2,49.61574410001049
"[53.459, -29.844, 55.182, 99.772, -11.424, 27.953, 3.024, 2.985, 0.131, 0.869, 5.0, 0.0]",0.2833638680951584,-1,combine,True,50,50,0.4,1,2,47.663738600036595
"[-38.529, -83.711, 73.973, 241.357, -20.98, 11.581, 3.0, 5.0, 0.886, 0.114, 3.818, 0.0]",0.07565376240879151,-1,combine,True,50,50,0.4,1,2,47.120764999999665
"[5.869, 11.848, 105.121, 261.767, 0.628, 45.0, 3.037, 5.0, 0.869, 0.131, 4.863, 0.0]",0.12167774968862172,-1,combine,True,50,50,0.4,1,2,47.28340559999924
"[-7.398, -55.606, 61.538, 313.581, 41.044, 26.613, 3.05, 5.0, 0.865, 0.135, 2.712, 0.0]",0.08910811233666473,-1,combine,True,50,50,0.4,1,2,51.75477299996419
"[90.0, -87.39, 128.284, 322.363, 9.459, 45.0, 3.0, 5.0, 0.922, 0.078, 1.0, 0.0]",0.29159461383846513,-1,combine,True,50,50,0.4,1,2,46.39537960005691
"[90.0, 55.308, 16.997, 360.0, -17.162, 42.31, 3.046, 5.0, 0.632, 0.368, 5.0, 0.0]",0.33829608279986306,-1,combine,True,50,50,0.4,1,2,48.30777069996111
"[90.0, 53.254, 164.02, 360.0, 21.486, 31.229, 3.05, 3.94, 0.0, 1.0, 5.0, 0.0]",0.3864095497289293,-1,combine,True,50,50,0.4,1,2,51.36426229996141
"[26.819, 82.166, 93.759, 153.879, -26.514, 44.997, 3.0, 5.0, 1.0, 0.0, 1.918, 0.0]",0.2769691257773441,-1,combine,True,50,50,0.4,1,2,47.077017100004014
"[-44.911, 1.997, 103.1, 342.3, 45.0, 14.467, 3.0, 5.0, 0.891, 0.109, 2.482, 0.0]",0.05563519692969884,-1,combine,True,50,50,0.4,1,2,47.46224369999254
"[13.39, -38.447, 122.855, 223.204, -35.147, 19.81, 3.018, 5.0, 0.89, 0.11, 3.43, 0.0]",0.08037231401990023,-1,combine,True,50,50,0.4,1,2,46.3722663000226
"[-26.352, 23.149, 85.673, 342.277, 33.136, 25.81, 3.001, 4.005, 0.899, 0.101, 1.987, 0.0]",0.046725650380683575,-1,combine,True,50,50,0.4,1,2,47.12122809997527
"[-18.643, -43.704, 86.408, 360.0, 39.237, -31.177, 3.05, 3.139, 0.886, 0.114, 4.993, 0.0]",0.04637998009462413,-1,combine,True,50,50,0.4,1,2,49.34125679999124
"[-68.134, -51.978, 67.344, 87.389, -16.205, 16.533, 3.047, 4.211, 0.859, 0.141, 5.0, 0.0]",0.2665014542687867,-1,combine,True,50,50,0.4,1,2,46.66316260001622
"[-46.939, -85.475, 128.958, 0.0, -45.0, 45.0, 3.047, 1.056, 0.149, 0.851, 3.787, 0.0]",0.21289649317006254,-1,combine,True,50,50,0.4,1,2,46.23429709998891
"[-90.0, 90.0, 74.533, 145.423, 34.961, -45.0, 3.05, 5.0, 0.854, 0.146, 5.0, 0.0]",0.29157426403087244,-1,combine,True,50,50,0.4,1,2,49.000024000008125
"[90.0, 51.339, 105.649, 65.384, 36.468, -45.0, 3.05, 5.0, 0.873, 0.127, 5.0, 0.0]",0.3690418972382018,-1,combine,True,50,50,0.4,1,2,44.51077409996651
"[-62.361, 90.0, 111.046, 251.158, -19.304, 45.0, 3.05, 4.77, 0.876, 0.124, 4.994, 0.0]",0.4556416183578582,-1,combine,True,50,50,0.4,1,2,48.87874600000214
"[90.0, -1.051, 83.567, 235.558, -27.378, 45.0, 3.05, 5.0, 0.856, 0.144, 5.0, 0.0]",0.2847919488004228,-1,combine,True,50,50,0.4,1,2,46.746085999999195
"[4.989, -82.258, 66.118, 0.0, 24.694, -0.157, 3.009, 5.0, 0.862, 0.138, 1.252, 0.0]",0.1854479971119555,-1,combine,True,50,50,0.4,1,2,46.475567399989814
"[-90.0, -55.166, 49.011, 0.0, 12.975, -45.0, 3.05, 5.0, 1.0, 0.0, 3.265, 0.0]",0.34254122647985047,-1,combine,True,50,50,0.4,1,2,47.663413600006606
"[90.0, -90.0, 84.994, 254.575, 28.018, 8.947, 3.05, 5.0, 0.922, 0.078, 1.0, 0.0]",0.30989826514083507,1,combine,True,50,50,0.4,1,2,45.2441092999652
"[45.37, -88.777, 87.06, 314.523, -42.742, -23.154, 3.0, 5.0, 0.896, 0.104, 2.921, 0.0]",0.046070910236829424,1,combine,True,50,50,0.4,1,2,49.42062569997506
"[73.688, 23.089, 16.769, 166.382, 45.0, 3.016, 3.0, 5.0, 0.847, 0.153, 5.0, 0.0]",0.1760668385093717,1,combine,True,50,50,0.4,1,2,49.374370499979705
"[61.507, -44.101, 84.115, 204.548, 44.528, 2.645, 3.05, 5.0, 0.885, 0.115, 2.632, 0.0]",0.07875530667346864,1,combine,True,50,50,0.4,1,2,47.44992370001273
"[47.899, -62.92, 94.515, 343.468, 45.0, -4.239, 3.033, 3.472, 0.866, 0.134, 1.555, 0.0]",0.15316001153615827,1,combine,True,50,50,0.4,1,2,49.89986439998029
"[38.484, -72.369, 97.801, 350.075, 45.0, -12.002, 3.01, 3.295, 0.86, 0.14, 1.829, 0.0]",0.142570796545924,1,combine,True,50,50,0.4,1,2,49.12191119999625
"[46.901, -90.0, 108.341, 237.856, 20.523, 13.055, 3.05, 5.0, 0.882, 0.118, 5.0, 0.0]",0.08201832218294845,1,combine,True,50,50,0.4,1,2,48.72406239999691
"[90.0, -90.0, 149.171, 26.457, 27.728, -0.03, 3.0, 5.0, 0.853, 0.147, 3.177, 0.0]",0.2906429202522395,1,combine,True,50,50,0.4,1,2,49.33290139999008
"[44.12, -4.427, 88.508, 171.149, 18.021, 6.196, 3.045, 4.996, 0.886, 0.114, 4.124, 0.0]",0.06047756901487258,1,combine,True,50,50,0.4,1,2,44.853057499974966
"[-3.035, 9.865, 130.36, 131.162, 45.0, 37.915, 3.026, 5.0, 0.878, 0.122, 3.955, 0.0]",0.044340277141888,1,combine,True,50,50,0.4,1,2,48.285903799987864
"[-6.51, -70.268, 58.479, 0.006, 26.114, -7.727, 3.05, 5.0, 0.861, 0.139, 1.427, 0.0]",0.18887851681853732,1,combine,True,50,50,0.4,1,2,46.06829080003081
"[-10.867, -8.739, 50.864, 60.805, -25.581, -41.577, 3.011, 4.719, 0.862, 0.138, 2.835, 0.0]",0.24735703292970862,1,combine,True,50,50,0.4,1,2,46.260565700009465
"[-55.928, 89.855, 97.771, 92.341, 26.529, -9.852, 3.022, 5.0, 0.891, 0.109, 3.073, 0.0]",0.22241960701760438,1,combine,True,50,50,0.4,1,2,47.51698940002825
"[-13.914, 3.466, 74.594, 0.0, 26.012, -45.0, 3.05, 5.0, 0.859, 0.141, 1.314, 0.0]",0.1692373796800069,1,combine,True,50,50,0.4,1,2,49.554099300003145
"[-70.777, 66.861, 81.36, 0.0, -45.0, -45.0, 3.0, 5.0, 1.0, 0.0, 5.0, 0.0]",0.40444990154838595,1,combine,True,50,50,0.4,1,2,48.02810329996282
"[-48.832, -2.337, 108.022, 341.359, -38.517, -11.738, 3.042, 5.0, 0.896, 0.104, 2.474, 0.0]",0.059393945020290016,1,combine,True,50,50,0.4,1,2,47.00254939997103
"[-90.0, 90.0, 87.008, 101.063, 19.855, 12.544, 3.05, 5.0, 0.879, 0.121, 5.0, 0.0]",0.23165706357407417,1,combine,True,50,50,0.4,1,2,46.087970299995504
"[28.324, 90.0, 78.483, 197.756, -21.523, -22.906, 3.05, 3.843, 0.829, 0.171, 5.0, 0.0]",0.23370959898827204,1,combine,True,50,50,0.4,1,2,49.285313899978064
"[-46.754, 87.831, 87.343, 139.49, 45.0, 28.787, 3.05, 4.909, 0.892, 0.108, 3.269, 0.0]",0.044978327108676434,1,combine,True,50,50,0.4,1,2,49.29261960001895
"[1.333, 14.359, 43.2, 149.297, -45.0, 17.507, 3.05, 4.962, 0.773, 0.227, 5.0, 0.0]",0.18512726749803218,1,combine,True,50,50,0.4,1,2,48.400219100003596
"[-48.185, 62.262, 94.255, 163.29, -45.0, 4.57, 3.05, 3.397, 0.863, 0.137, 1.696, 0.0]",0.1536597264136603,1,combine,True,50,50,0.4,1,2,45.592620000010356
"[-90.0, 67.684, 74.355, 63.829, 10.135, 0.664, 3.005, 5.0, 0.858, 0.142, 5.0, 0.0]",0.17276311570229624,1,combine,True,50,50,0.4,1,2,45.372426700021606
"[30.034, -79.481, 64.289, 70.152, -45.0, 14.691, 3.041, 5.0, 0.84, 0.16, 5.0, 0.0]",0.12228556788650978,1,combine,True,50,50,0.4,1,2,50.12473179999506
"[19.849, 68.383, 96.904, 170.47, 35.106, -43.936, 3.05, 5.0, 0.876, 0.124, 5.0, 0.0]",0.04168753718654711,1,combine,True,50,50,0.4,1,2,48.475380299962126
"[-38.885, 78.333, 79.23, 125.303, 34.834, 24.432, 3.05, 5.0, 0.893, 0.107, 3.469, 0.0]",0.053254421534001395,1,combine,True,50,50,0.4,1,2,46.125567899958696
"[-18.658, -90.0, 63.395, 240.394, 20.831, -8.216, 3.047, 5.0, 0.878, 0.122, 4.983, 0.0]",0.08869797000849713,1,combine,True,50,50,0.4,1,2,46.35663009999553
"[65.002, -50.369, 103.202, 213.533, 26.399, 4.901, 3.0, 5.0, 0.882, 0.118, 3.612, 0.0]",0.0849948533160537,1,combine,True,50,50,0.4,1,2,44.614972799958196
"[-30.244, -17.05, 60.924, 353.405, -45.0, 6.686, 3.0, 2.346, 0.909, 0.091, 1.0, 0.0]",0.09184433385149768,1,combine,True,50,50,0.4,1,2,46.49712600000203
"[-41.125, 44.154, 122.85, 156.997, -34.256, 12.843, 3.046, 4.088, 0.859, 0.141, 1.23, 0.0]",0.14536346252709498,1,combine,True,50,50,0.4,1,2,47.06806640001014
"[-48.83, -76.204, 78.04, 206.329, 39.489, -45.0, 3.05, 5.0, 0.881, 0.119, 4.997, 0.0]",0.0655540530178002,1,combine,True,50,50,0.4,1,2,47.393698999949265
"[-25.314, 90.0, 100.238, 164.725, 45.0, 44.995, 3.05, 5.0, 0.897, 0.103, 1.0, 0.0]",0.11175279735895985,1,combine,True,50,50,0.4,1,2,46.551672799978405
"[-13.592, -90.0, 128.386, 55.25, -26.399, -11.037, 3.05, 5.0, 0.848, 0.152, 5.0, 0.0]",0.23829005427159614,1,combine,True,50,50,0.4,1,2,47.59388160001254
"[33.36, 90.0, 67.017, 137.73, -45.0, 30.98, 3.0, 4.873, 0.831, 0.169, 1.0, 0.0]",0.05013190831429938,1,combine,True,50,50,0.4,1,2,47.68503029999556
"[2.638, -56.752, 69.69, 132.1, 24.293, 30.564, 3.0, 4.921, 0.215, 0.785, 5.0, 0.0]",0.24349091128009875,1,combine,True,50,50,0.4,1,2,45.52235250000376
"[26.109, 18.004, 30.931, 138.417, 38.446, -9.796, 3.028, 5.0, 0.218, 0.782, 5.0, 0.0]",0.2191316538214365,1,combine,True,50,50,0.4,1,2,47.143403199967
"[-0.277, 49.04, 62.067, 168.267, -40.177, 22.425, 3.0, 3.268, 0.858, 0.142, 2.823, 0.0]",0.14197177607764816,1,combine,True,50,50,0.4,1,2,47.098726199998055
"[37.339, 35.959, 115.724, 191.78, 45.0, -45.0, 3.05, 4.516, 0.899, 0.101, 3.026, 0.0]",0.17712865134593045,1,combine,True,50,50,0.4,1,2,44.92823279998265
"[49.388, -90.0, 104.605, 226.793, 27.935, 20.419, 3.047, 5.0, 0.884, 0.116, 3.825, 0.0]",0.07344897028355864,1,combine,True,50,50,0.4,1,2,46.26539459999185
"[-37.122, 65.368, 106.492, 175.794, -45.0, 28.832, 3.023, 3.819, 0.863, 0.137, 1.0, 0.0]",0.14791543450102113,1,combine,True,50,50,0.4,1,2,45.161298800027
"[-90.0, 45.436, 76.566, 178.857, 28.649, 13.339, 3.0, 5.0, 0.861, 0.139, 1.769, 0.0]",0.3803194504859455,1,combine,True,50,50,0.4,1,2,48.29724059998989
"[47.38, 90.0, 72.001, 58.07, -20.429, 12.728, 3.007, 5.0, 0.88, 0.12, 5.0, 0.0]",0.08308014115736069,1,combine,True,50,50,0.4,1,2,47.126220800040755
"[90.0, -88.134, 158.722, 130.432, -45.0, -22.852, 3.031, 3.538, 0.137, 0.863, 5.0, 0.0]",0.24522622155844426,1,combine,True,50,50,0.4,1,2,47.581391000014264
"[-2.987, 0.389, 131.325, 130.305, 44.254, 45.0, 3.032, 5.0, 0.864, 0.136, 5.0, 0.0]",0.04490737311674096,1,combine,True,50,50,0.4,1,2,47.31525819998933
"[-49.155, 82.857, 105.577, 175.267, -45.0, 4.805, 3.05, 3.37, 0.849, 0.151, 2.788, 0.0]",0.16863292802443094,1,combine,True,50,50,0.4,1,2,47.27328070002841
"[58.469, -63.002, 91.488, 185.564, 45.0, 36.33, 3.035, 5.0, 0.871, 0.129, 5.0, 0.0]",0.06997276873434283,1,combine,True,50,50,0.4,1,2,46.97176089999266
"[90.0, -24.936, 55.275, 324.572, -45.0, -2.522, 3.0, 5.0, 0.831, 0.169, 5.0, 0.0]",0.4042411017679082,1,combine,True,50,50,0.4,1,2,48.3226800999837
"[-18.362, 90.0, 68.681, 237.52, 31.285, -28.754, 3.038, 5.0, 0.849, 0.151, 3.881, 0.0]",0.18538759860781123,1,combine,True,50,50,0.4,1,2,47.001257799973246
"[-8.832, 55.845, 120.986, 156.177, -45.0, 28.388, 3.05, 3.537, 0.826, 0.174, 3.522, 0.0]",0.13000170674994543,1,combine,True,50,50,0.4,1,2,49.08423959999345
"[-32.807, 17.115, 59.446, 85.044, -33.085, -44.97, 3.043, 4.693, 0.871, 0.129, 1.383, 0.0]",0.22574283207440987,1,combine,True,50,50,0.4,1,2,47.23278229997959
"[52.669, 27.505, 115.423, 199.117, 29.206, -45.0, 3.048, 5.0, 0.879, 0.121, 4.046, 0.0]",0.09044592579276862,1,combine,True,50,50,0.4,1,2,46.65535050001927
"[-41.635, 2.533, 115.295, 128.558, -35.849, 15.968, 3.05, 5.0, 1.0, 0.0, 3.036, 0.0]",0.31742230362992707,-1,fan,True,50,50,0.4,1,2,24.67906240001321
"[3.286, 43.481, 155.618, 87.546, 45.0, 45.0, 3.0, 5.0, 0.703, 0.297, 4.169, 0.0]",0.6376644506884069,-1,fan,True,50,50,0.4,1,2,28.646479499991983
